ID,Taxon,Weight_N,N15,PercentN,Weight_C,C13,PercentC,QC_N,QC_C,CN,L,C13_LF
s001,Inv,0.449,7.5,0.072,0.5035,-13.2,0.323,,,4.486111111,23.00062723,-12.70582713
s002,Inv,0.393,10.3,0.112,0.347,-14.8,0.395,,,3.526785714,7.881098308,-15.41660318
s151,Fish,0.5395,13.4,0.11,0.5395,-14.9,0.379,LOW AMP 28,,3.445454545,,
s152,Fish,0.5355,13.3,0.125,0.5355,-15.4,0.429,LOW AMP 28,,3.432,,
s068,Fish,0.5805,13.1,0.111,0.5805,-14.9,0.384,,,3.459459459,,
s003,Inv,0.2085,7,0.105,0.158,-20.2,0.407,,,3.876190476,14.0889961,-20.34703302
s063,Fish,0.586,12.7,0.133,0.586,-15.7,0.455,,,3.421052632,,
s064,Fish,0.5485,12.5,0.137,0.5485,-16,0.455,,,3.321167883,,
s087,Fish,0.526,12.5,0.085,0.526,-15.3,0.284,,,3.341176471,,
s091,Fish,0.5085,12.5,0.132,0.5085,-15.8,0.442,,,3.348484848,,
s122,Fish,0.549,12.5,0.133,0.549,-14.9,0.439,,,3.30075188,,
s066,Fish,0.5395,12.4,0.089,0.5395,-14.8,0.298,,,3.348314607,,
s067,Fish,0.595,12.4,0.103,0.595,-14.5,0.332,,,3.223300971,,
s120,Fish,0.5925,12.4,0.132,0.5925,-15.1,0.459,,,3.477272727,,
s263,Fish,0.5875,12.4,0.14,0.5875,-17.3,0.495,,,3.535714286,,
s076,Fish,0.583,12.3,0.14,0.583,-15.6,0.477,,,3.407142857,,
s121,Fish,0.508,12.3,0.116,0.508,-15.4,0.402,,,3.465517241,,
s240,Fish,0.505,12.3,0.139,0.505,-16.6,0.459,,,3.302158273,,
s260,Fish,0.562,12.3,0.133,0.562,-17.3,0.469,,,3.526315789,,
s270,Fish,0.5545,12.3,0.121,0.5545,-16.9,0.449,,,3.710743802,,
s149,Fish,0.5275,12.2,0.131,0.5275,-14.7,0.451,,,3.442748092,,
s244,Fish,0.5215,12.2,0.108,0.5215,-15.7,0.36,,,3.333333333,,
s267,Fish,0.524,12.2,0.096,0.524,-16.5,0.339,,,3.53125,,
s054,Fish,0.5775,12.1,0.088,0.5775,-12.1,0.303,,,3.443181818,,
s189,Fish,0.5305,12.1,0.11,0.5305,-16.6,0.385,,,3.5,,
s202,Fish,0.5625,12.1,0.145,0.5625,-16,0.484,,,3.337931034,,
s233,Fish,0.5845,12.1,0.121,0.5845,-12.1,0.414,,,3.421487603,,
s289,Fish,0.5165,12.1,0.128,0.5165,-17.2,0.473,,,3.6953125,,
s034,Fish,0.5375,12,0.12,0.5375,-13.7,0.398,,,3.316666667,,
s077,Fish,0.5015,12,0.108,0.5015,-11.3,0.362,,,3.351851852,,
s078,Fish,0.5405,12,0.128,0.5405,-11.7,0.426,,,3.328125,,
s129,Fish,0.5045,12,0.112,0.5045,-14.6,0.361,,,3.223214286,,
s261,Fish,0.535,12,0.128,0.535,-16.9,0.45,,,3.515625,,
s262,Fish,0.5855,12,0.13,0.5855,-18.1,0.451,,,3.469230769,,
s004,Inv,0.5215,9.3,0.077,0.6295,-16.8,0.338,,,4.38961039,21.72712072,-16.39519092
s135,Fish,0.596,11.9,0.098,0.596,-14.7,0.329,,,3.357142857,,
s154,Fish,0.5065,11.9,0.101,0.5065,-15,0.371,,,3.673267327,,
s156,Fish,0.572,11.9,0.125,0.572,-15.6,0.474,,,3.792,,
s223,Fish,0.53,11.9,0.118,0.53,-11.5,0.418,,,3.542372881,,
s241,Fish,0.5295,11.9,0.14,0.5295,-18,0.511,,,3.65,,
s242,Fish,0.5175,11.9,0.142,0.5175,-17.2,0.489,,,3.443661972,,
s005,Inv,0.5525,8.1,0.081,0.508,-13.4,0.19,,,2.345679012,-22.95474486,-16.6762764
s006,Inv,0.5675,8.4,0.059,0.489,-15.5,0.273,,,4.627118644,24.78173138,-14.88206898
s007,Inv,0.595,6.3,0.021,0.5835,-16.5,0.184,"LOW AMP 28, use with caution",,8.761904762,,
s065,Fish,0.5135,11.8,0.07,0.5135,-14.3,0.24,,,3.428571429,,
s099,Fish,0.53,11.8,0.11,0.53,-14.5,0.389,,,3.536363636,,
s130,Fish,0.5805,11.8,0.121,0.5805,-13.4,0.413,,,3.41322314,,
s218,Fish,0.506,11.8,0.135,0.506,-18,0.454,,,3.362962963,,
s224,Fish,0.5285,11.8,0.104,0.5285,-11.6,0.359,,,3.451923077,,
s243,Fish,0.501,11.8,0.112,0.501,-17.1,0.385,,,3.4375,,
s277,Fish,0.526,11.8,0.083,0.526,-15.5,0.311,,,3.746987952,,
s286,Fish,0.5085,11.8,0.111,0.5085,-16.1,0.404,,,3.63963964,,
s287,Fish,0.5425,11.8,0.095,0.5425,-16.2,0.332,,,3.494736842,,
s299,Fish,0.5795,11.8,0.088,0.5795,-16.1,0.302,,,3.431818182,,
s132,Fish,0.5455,11.7,0.109,0.5455,-16.5,0.363,,,3.330275229,,
s134,Fish,0.5855,11.7,0.13,0.5855,-13.6,0.446,,,3.430769231,,
s188,Fish,0.5175,11.7,0.117,0.5175,-16.8,0.405,,,3.461538462,,
s208,Fish,0.512,11.7,0.1,0.512,-13,0.353,,,3.53,,
s209,Fish,0.554,11.7,0.115,0.554,-13.2,0.401,,,3.486956522,,
s227,Fish,0.5415,11.7,0.117,0.5415,-12.5,0.415,,,3.547008547,,
s248,Fish,0.517,11.7,0.107,0.517,-17.5,0.371,,,3.46728972,,
s271,Fish,0.5035,11.7,0.112,0.5035,-16.6,0.4,,,3.571428571,,
s273,Fish,0.523,11.7,0.106,0.523,-16.7,0.369,,,3.481132075,,
s026,Fish,0.6085,11.7,0.121,0.6085,-11.3,0.417,,,3.446280992,,
s219,Fish,0.5895,11.6,0.114,0.5895,-17.5,0.374,,,3.280701754,,
s259,Fish,0.5135,11.6,0.089,0.5135,-17,0.318,,,3.573033708,,
s008,Inv,0.5385,6.6,0.031,0.5195,-14.8,0.094,,,3.032258065,-2.783913087,-16.27120436
s009,Inv,0.546,7.4,0.033,0.584,-17.4,0.137,,,4.151515152,18.37748924,-17.23379781
s006,Fish,0.582,11.5,0.106,0.582,-13.1,0.365,,,3.443396226,,
s032,Fish,0.5415,11.5,0.098,0.5415,-14.3,0.35,,,3.571428571,,
s088,Fish,0.526,11.5,0.107,0.526,-16.5,0.357,,,3.336448598,,
s092,Fish,0.6005,11.5,0.098,0.6005,-13.5,0.314,,,3.204081633,,
s206,Fish,0.5135,11.5,0.111,0.5135,-14.3,0.394,,,3.54954955,,
s226,Fish,0.5045,11.5,0.111,0.5045,-18.1,0.393,,,3.540540541,,
s255,Fish,0.5255,11.5,0.098,0.5255,-11.9,0.344,,,3.510204082,,
s256,Fish,0.553,11.5,0.113,0.553,-13.9,0.402,,,3.557522124,,
s010,Inv,0.5255,7,0.037,0.5655,-15.2,0.178,,,4.810810811,26.97041045,-14.43191375
s011,Inv,0.5,5.6,0.034,0.576,-18,0.125,,,3.676470588,10.65625,-18.40426772
s017,Fish,0.502,11.4,0.125,0.502,-12.4,0.429,,,3.432,,
s035,Fish,0.525,11.4,0.114,0.525,-10.2,0.381,,,3.342105263,,
s071,Fish,0.5985,11.4,0.099,0.5985,-14.7,0.329,,,3.323232323,,
s098,Fish,0.6,11.4,0.115,0.6,-16.6,0.393,,,3.417391304,,
s111,Fish,0.544,11.4,0.116,0.544,-15.9,0.408,,,3.517241379,,
s112,Fish,0.555,11.4,0.117,0.555,-15.4,0.415,,,3.547008547,,
s160,Fish,0.618,11.4,0.128,0.618,-17.1,0.47,,,3.671875,,
s217,Fish,0.517,11.4,0.089,0.517,-17.1,0.301,,,3.382022472,,
s229,Fish,0.5835,11.4,0.106,0.5835,-12.5,0.368,,,3.471698113,,
s282,Fish,0.5815,11.4,0.129,0.5815,-16.7,0.457,,,3.542635659,,
s012,Inv,0.5125,8.8,0.015,0.6155,-21.5,0.087,"LOW AMP 28, use with caution",,5.8,,
s013,Inv,0.62,9.5,0.013,0.651,-18.4,0.271,"LOW AMP 28, use with caution",,20.84615385,,
s069,Fish,0.555,11.3,0.112,0.555,-14.4,0.371,,,3.3125,,
s238,Fish,0.548,11.3,0.124,0.548,-17.4,0.445,,,3.588709677,,
s014,Inv,0.521,,,0.5385,-15.5,0.185,used for test sample,,#DIV/0!,,
s015,Inv,0.6475,9.6,0.011,0.585,-16.7,0.21,"LOW AMP 28, use with caution",,19.09090909,,
s100,Fish,0.4815,11.2,0.113,0.4815,-16.2,0.383,,,3.389380531,,
s108,Fish,0.5985,11.2,0.122,0.5985,-16.3,0.419,,,3.43442623,,
s131,Fish,0.561,11.2,0.108,0.561,-13.7,0.371,,,3.435185185,,
s155,Fish,0.5885,11.2,0.113,0.5885,-15.5,0.422,,,3.734513274,,
s196,Fish,0.548,11.2,0.11,0.548,-17.1,0.382,,,3.472727273,,
s302,Fish,0.5155,11.2,0.119,0.5155,-18,0.419,,,3.521008403,,
s203,Fish,0.5025,11.2,0.125,0.5025,-17.6,0.429,,,3.432,,
s222,Fish,0.5,11.2,0.118,0.5,-17.7,0.415,,,3.516949153,,
s279,Fish,0.5795,11.2,0.1,0.5795,-13.6,0.36,,,3.6,,
s144,Fish,0.515,11.2,0.131,0.515,-16.2,0.444,,,3.389312977,,
s016,Inv,0.5915,9.2,0.012,0.644,-17,0.216,"LOW AMP 28, use with caution",,18,,
s017,Inv,0.556,9.2,0.012,0.5415,-19.6,0.263,"LOW AMP 28, use with caution",,21.91666667,,
s018,Inv,0.259,7.7,0.116,0.3745,-18.7,0.43,,,3.706896552,11.19836215,-19.06325046
s001,Fish,0.86,11.1,0.107,0.86,-14.5,0.341,,,3.186915888,,
s016,Fish,0.574,11.1,0.106,0.574,-12.9,0.357,,,3.367924528,,
s140,Fish,0.5105,11.1,0.12,0.5105,-17.5,0.406,,,3.383333333,,
s211,Fish,0.4495,11.1,0.126,0.4495,-17.9,0.446,,,3.53968254,,
s228,Fish,0.5645,11.1,0.11,0.5645,-13.2,0.399,,,3.627272727,,
s246,Fish,0.533,11.1,0.1,0.533,-17.6,0.338,,,3.38,,
s247,Fish,0.5295,11.1,0.107,0.5295,-17.3,0.37,,,3.457943925,,
s268,Fish,0.5175,11.1,0.101,0.5175,-17.5,0.365,,,3.613861386,,
s291,Fish,0.545,11.1,0.111,0.545,-17.3,0.399,,,3.594594595,,
s294,Fish,0.5065,11.1,0.112,0.5065,-16,0.385,,,3.4375,,
s019,Inv,0.5835,9,0.089,0.5585,-12.8,0.375,,,4.213483146,19.27922512,-12.56905038
s020,Inv,0.2075,8.8,0.118,0.216,-16.7,0.411,,,3.483050847,7.034592969,-17.3821697
s021,Inv,0.615,6.5,0.045,0.614,-15.6,0.165,,,3.666666667,10.48003549,-16.01763264
s022,Inv,0.5245,3.9,0.026,0.6085,-11.3,0.11,,,4.230769231,19.52689152,-11.05133385
s023,Inv,0.5985,8.3,0.032,0.6785,-14.3,0.148,,,4.625,24.75564117,-13.68387162
s004,Fish,0.538,11,0.111,0.538,-13.6,0.366,,,3.297297297,,
s019,Fish,0.5585,11,0.112,0.5585,-14.2,0.384,,,3.428571429,,
s053,Fish,0.5785,11,0.128,0.5785,-18,0.411,,,3.2109375,,
s113,Fish,0.573,11,0.117,0.573,-17.5,0.413,,,3.52991453,,
s137,Fish,0.5605,11,0.117,0.5605,-17.7,0.392,,,3.35042735,,
s139,Fish,0.5335,11,0.112,0.5335,-15.7,0.371,,,3.3125,,
s210,Fish,0.452,11,0.128,0.452,-16.9,0.445,,,3.4765625,,
s235,Fish,0.512,11,0.132,0.512,-19.8,0.459,,,3.477272727,,
s283,Fish,0.555,11,0.125,0.555,-16.8,0.43,,,3.44,,
s285,Fish,0.53,11,0.116,0.53,-18.8,0.441,,,3.801724138,,
s295,Fish,0.521,11,0.111,0.521,-15.5,0.383,,,3.45045045,,
s015,Fish,0.32,11,0.115,0.32,-18.3,0.422,,,3.669565217,,
s089,Fish,0.662,11,0.126,0.662,-17.7,0.428,,,3.396825397,,
s024,Inv,0.6675,9.8,0.035,0.5915,-14.4,0.143,,,4.085714286,17.39551251,-14.30474312
s025,Inv,0.589,5.9,0.027,0.5155,-10.1,0.171,,,6.333333333,40.84071789,-8.426947822
s026,Inv,0.6335,7.8,0.046,0.653,-13.2,0.214,,,4.652173913,25.08877036,-12.56087744
s027,Inv,0.516,6.4,0.035,0.585,-12.2,0.197,,,5.628571429,35.22269556,-10.88410731
s028,Inv,0.611,5.4,0.032,0.609,-10.9,0.178,,,5.5625,34.63332549,-9.622298986
s094,Fish,0.552,10.9,0.112,0.552,-17,0.374,,,3.339285714,,
s109,Fish,0.539,10.9,0.121,0.539,-17.4,0.417,,,3.446280992,,
s110,Fish,0.541,10.9,0.112,0.541,-15.5,0.38,,,3.392857143,,
s138,Fish,0.6105,10.9,0.112,0.6105,-15.1,0.386,,,3.446428571,,
s153,Fish,0.548,10.9,0.103,0.548,-15.1,0.362,,,3.514563107,,
s236,Fish,0.4705,10.9,0.129,0.4705,-19.8,0.457,,,3.542635659,,
s245,Fish,0.505,10.9,0.124,0.505,-17.7,0.441,,,3.556451613,,
s290,Fish,0.5035,10.9,0.073,0.5035,-17.7,0.269,,,3.684931507,,
s293,Fish,0.592,10.9,0.12,0.592,-19.2,0.445,,,3.708333333,,
s167,Fish,0.5875,10.9,0.126,0.5875,-15.2,0.423,,,3.357142857,,
s029,Inv,0.221,7.8,0.048,0.12,-17.9,0.257,"LOW AMP 28, use with caution",,5.354166667,,
s030,Inv,0.68,8.4,0.063,0.529,-13.6,0.184,,,2.920634921,-5.57164488,-15.30526707
s031,Inv,0.524,8.8,0.088,0.5335,-13.5,0.384,,,4.363636364,21.37639151,-13.11993172
s002,Fish,0.801,10.8,0.113,0.801,-14.9,0.368,,,3.256637168,,
s018,Fish,0.529,10.8,0.124,0.529,-13.3,0.425,,,3.427419355,,
s033,Fish,0.542,10.8,0.106,0.542,-14,0.356,,,3.358490566,,
s036,Fish,0.571,10.8,0.099,0.571,-10.8,0.334,,,3.373737374,,
s075,Fish,0.3225,10.8,0.115,0.3225,-17.1,0.389,,,3.382608696,,
s158,Fish,0.556,10.8,0.112,0.556,-16.9,0.401,,,3.580357143,,
s201,Fish,0.5115,10.8,0.128,0.5115,-19.7,0.464,,,3.625,,
s215,Fish,0.339,10.8,0.125,0.339,-19.5,0.439,,,3.512,,
s216,Fish,0.2295,10.8,0.118,0.2295,-17.4,0.438,,,3.711864407,,
s234,Fish,0.301,10.8,0.128,0.301,-19.2,0.431,,,3.3671875,,
s272,Fish,0.5205,10.8,0.127,0.5205,-17.3,0.449,,,3.535433071,,
s280,Fish,0.5705,10.8,0.111,0.5705,-17.5,0.419,,,3.774774775,,
s142,Fish,0.3285,10.8,0.125,0.3285,-16.1,0.407,,,3.256,,
s197,Fish,0.3495,10.8,0.133,0.3495,-19.8,0.446,,,3.353383459,,
s032,Inv,0.541,9.9,0.086,0.554,-14.4,0.287,,,3.337209302,4.085912487,-15.31353906
s033,Inv,0.5315,10.1,0.087,0.635,-13.6,0.434,,,4.988505747,28.95801771,-12.69735553
s034,Inv,0.564,9.6,0.088,0.609,-13.6,0.386,,,4.386363636,21.68346753,-13.1982672
s035,Inv,0.5625,10,0.105,0.512,-13.8,0.392,,,3.733333333,11.66363477,-14.12816577
s036,Inv,0.5215,10,0.087,0.608,-15.9,0.317,,,3.643678161,10.06387035,-16.34925948
s037,Inv,0.5875,7.7,0.094,0.5345,-14,0.393,,,4.180851064,18.80710867,-13.80290218
s038,Inv,0.37,7.6,0.093,0.2775,-15.3,0.411,,,4.419354839,22.12456671,-14.86722253
s010,Fish,0.5555,10.7,0.114,0.5555,-14.6,0.375,,,3.289473684,,
s049,Fish,0.216,10.7,0.111,0.216,-17.7,0.398,,,3.585585586,,
s145,Fish,0.536,10.7,0.114,0.536,-15.7,0.403,,,3.535087719,,
s303,Fish,0.555,10.7,0.126,0.555,-19.6,0.457,,,3.626984127,,
s212,Fish,0.5375,10.7,0.128,0.5375,-16.2,0.449,,,3.5078125,,
s258,Fish,0.203,10.7,0.047,0.203,-17.7,0.165,,,3.510638298,,
s269,Fish,0.551,10.7,0.108,0.551,-19.1,0.4,,,3.703703704,,
s050,Fish,0.258,10.7,0.121,0.258,-18.4,0.443,,,3.661157025,,
s051,Fish,0.2255,10.7,0.123,0.2255,-18.6,0.433,,,3.520325203,,
s104,Fish,0.405,10.7,0.125,0.405,-19,0.426,,,3.408,,
s199,Fish,0.5035,10.7,0.139,0.5035,-19.9,0.475,,,3.417266187,,
s039,Inv,0.551,10,0.109,0.5155,-15.9,0.494,,,4.532110092,23.59178769,-15.3645936
s040,Inv,0.628,11.3,0.092,0.6325,-16,0.178,,,1.934782609,-39.67584667,-20.99583803
s041,Inv,0.5995,10.6,0.045,0.6825,-15.6,0.153,,,3.4,5.379875636,-16.41143312
s042,Inv,0.622,9.5,0.034,0.52,-16.4,0.153,,,4.5,23.18018018,-15.89328667
s043,Inv,0.651,6.7,0.032,0.5765,-15.5,0.17,,,5.3125,32.29008568,-14.37553753
s044,Inv,0.566,11,0.079,0.5035,-15.5,0.339,,,4.291139241,20.37894019,-15.19060159
s003,Fish,0.5315,10.6,0.107,0.5315,-14.9,0.351,,,3.280373832,,
s012,Fish,0.4735,10.6,0.115,0.4735,-16.1,0.4,,,3.47826087,,
s037,Fish,0.541,10.6,0.077,0.541,-10.5,0.257,,,3.337662338,,
s042,Fish,0.5875,10.6,0.107,0.5875,-14.8,0.359,,,3.355140187,,
s047,Fish,0.22,10.6,0.121,0.22,-17.4,0.412,,,3.404958678,,
s186,Fish,0.4625,10.6,0.118,0.4625,-16.6,0.41,,,3.474576271,,
s187,Fish,0.4415,10.6,0.119,0.4415,-16.6,0.434,,,3.647058824,,
s204,Fish,0.596,10.6,0.124,0.596,-18.7,0.436,,,3.516129032,,
s239,Fish,0.306,10.6,0.13,0.306,-19.3,0.446,,,3.430769231,,
s251,Fish,0.441,10.6,0.123,0.441,-19.4,0.433,,,3.520325203,,
s281,Fish,0.505,10.6,0.105,0.505,-14.6,0.383,,,3.647619048,,
s284,Fish,0.573,10.6,0.127,0.573,-17.3,0.46,,,3.622047244,,
s288,Fish,0.5305,10.6,0.108,0.5305,-19.4,0.389,,,3.601851852,,
s292,Fish,0.524,10.6,0.078,0.524,-17.4,0.283,,,3.628205128,,
s090,Fish,0.5915,10.6,0.13,0.5915,-18.7,0.46,,,3.538461538,,
s119,Fish,0.2465,10.6,0.127,0.2465,-18.4,0.427,,,3.362204724,,
s169,Fish,0.2315,10.6,0.132,0.2315,-17.8,0.431,,,3.265151515,,
s045,Inv,0.5505,7.6,0.067,0.6325,-14.9,0.402,,,6,38.32627866,-13.38527551
s046,Inv,0.501,6,0.065,0.5875,-15.8,0.403,,,6.2,39.86321563,-14.18820918
s047,Inv,0.532,9.4,0.012,0.5455,-22.3,0.226,"LOW AMP 28, use with caution",,18.83333333,,
s048,Inv,0.518,8.6,0.012,0.6755,-19.5,0.138,"LOW AMP 28, use with caution",,11.5,,
s049,Inv,0.525,6.2,0.036,0.6325,-20.2,0.172,,,4.777777778,26.58724113,-19.45804989
s050,Inv,0.5355,5.1,0.032,0.583,-18.8,0.139,,,4.34375,21.10552254,-18.43907765
s051,Inv,0.505,10,0.017,0.607,-17.8,0.079,"LOW AMP 28, use with caution",,4.647058824,,
s011,Fish,0.5035,10.5,0.108,0.5035,-15.5,0.349,,,3.231481481,,
s038,Fish,0.5205,10.5,0.091,0.5205,-10.3,0.313,,,3.43956044,,
s048,Fish,0.205,10.5,0.121,0.205,-19.2,0.417,,,3.446280992,,
s194,Fish,0.5425,10.5,0.116,0.5425,-18.4,0.4,,,3.448275862,,
s200,Fish,0.5085,10.5,0.125,0.5085,-19.4,0.454,,,3.632,,
s301,Fish,0.51,10.5,0.119,0.51,-19.7,0.436,,,3.663865546,,
s214,Fish,0.2855,10.5,0.122,0.2855,-19.2,0.452,,,3.704918033,,
s230,Fish,0.4175,10.5,0.129,0.4175,-19.3,0.452,,,3.503875969,,
s231,Fish,0.536,10.5,0.123,0.536,-19.2,0.441,,,3.585365854,,
s232,Fish,0.5675,10.5,0.127,0.5675,-20,0.46,,,3.622047244,,
s237,Fish,0.364,10.5,0.114,0.364,-17.5,0.407,,,3.570175439,,
s265,Fish,0.571,10.5,0.115,0.571,-17,0.404,,,3.513043478,,
s266,Fish,0.5565,10.5,0.128,0.5565,-18.2,0.459,,,3.5859375,,
s274,Fish,0.535,10.5,0.114,0.535,-14.4,0.404,,,3.543859649,,
s278,Fish,0.505,10.5,0.121,0.505,-13.3,0.441,,,3.644628099,,
s031,Fish,0.2685,10.5,0.115,0.2685,-16.1,0.405,,,3.52173913,,
s101,Fish,0.429,10.5,0.12,0.429,-16.6,0.417,,,3.475,,
s105,Fish,0.5145,10.5,0.133,0.5145,-19.8,0.464,,,3.488721805,,
s168,Fish,0.327,10.5,0.126,0.327,-18,0.417,,,3.30952381,,
s052,Inv,0.552,8.3,0.013,0.6095,-17.3,0.044,"LOW AMP 28, use with caution",,3.384615385,,
s053,Inv,0.6295,11.2,0.097,0.5485,-16.2,0.52,,,5.360824742,32.7575879,-15.0447854
s054,Inv,0.6255,10.3,0.079,0.589,-15.7,0.338,,,4.278481013,20.20192622,-15.40319105
s056,Inv,0.5765,11.4,0.084,0.627,-17.5,0.518,,,6.166666667,39.6130884,-15.9039439
s070,Fish,0.5205,10.4,0.107,0.5205,-14.7,0.366,,,3.420560748,,
s124,Fish,0.5375,10.4,0.102,0.5375,-16.5,0.337,,,3.303921569,,
s141,Fish,0.4985,10.4,0.125,0.4985,-19.7,0.434,,,3.472,,
s143,Fish,0.487,10.4,0.123,0.487,-19.9,0.452,,,3.674796748,,
s172,Fish,0.572,10.4,0.101,0.572,-16.8,0.358,,,3.544554455,,
s191,Fish,0.5745,10.4,0.106,0.5745,-19.1,0.39,,,3.679245283,,
s192,Fish,0.518,10.4,0.12,0.518,-19.2,0.43,,,3.583333333,,
s205,Fish,0.546,10.4,0.123,0.546,-18.1,0.424,,,3.447154472,,
s025,Fish,0.523,10.4,0.106,0.523,-16.1,0.403,,,3.801886792,,
s052,Fish,0.336,10.4,0.115,0.336,-19,0.437,,,3.8,,
s059,Fish,0.566,10.4,0.125,0.566,-17.5,0.458,,,3.664,,
s085,Fish,0.2865,10.4,0.114,0.2865,-17.6,0.416,,,3.649122807,,
s114,Fish,0.442,10.4,0.136,0.442,-19.3,0.46,,,3.382352941,,
s115,Fish,0.309,10.4,0.127,0.309,-18.6,0.426,,,3.354330709,,
s117,Fish,0.2675,10.4,0.134,0.2675,-19.2,0.445,,,3.320895522,,
s198,Fish,0.233,10.4,0.12,0.233,-18.2,0.401,,,3.341666667,,
s057b,Inv,0.677,10.5,0.083,0.4715,-15.8,0.336,,,4.048192771,16.82390384,-15.74625156
s058,Inv,0.564,11.8,0.122,0.5285,-16.9,0.403,,,3.303278689,3.370651247,-17.87037048
s059,Inv,0.53,10,0.097,0.542,-16.4,0.373,,,3.845360825,13.57790338,-16.58495976
s060,Inv,0.5875,8.9,0.094,0.6215,-16.7,0.276,,,2.936170213,-5.173977495,-18.37159508
s061,Inv,0.5475,9.2,0.11,0.421,-17.8,0.445,,,4.045454545,16.78185069,-17.7493115
s044,Fish,0.5265,10.3,0.114,0.5265,-14.5,0.382,,,3.350877193,,
s074,Fish,0.5945,10.3,0.116,0.5945,-14.4,0.392,,,3.379310345,,
s093,Fish,0.554,10.3,0.094,0.554,-15,0.32,,,3.404255319,,
s095,Fish,0.5575,10.3,0.107,0.5575,-16.7,0.369,,,3.448598131,,
s123,Fish,0.609,10.3,0.09,0.609,-16.6,0.313,,,3.477777778,,
s161,Fish,0.5835,10.3,0.109,0.5835,-17.4,0.424,,,3.889908257,,
s207,Fish,0.5655,10.3,0.111,0.5655,-18.6,0.389,,,3.504504505,,
s250,Fish,0.5805,10.3,0.103,0.5805,-18.5,0.366,,,3.553398058,,
s254,Fish,0.5295,10.3,0.116,0.5295,-18.8,0.393,,,3.387931034,,
s264,Fish,0.5005,10.3,0.1,0.5005,-17.6,0.351,,,3.51,,
s296,Fish,0.556,10.3,0.089,0.556,-14.8,0.31,,,3.483146067,,
s298,Fish,0.594,10.3,0.106,0.594,-17.2,0.378,,,3.566037736,,
s020,Fish,0.52,10.3,0.112,0.5875,-15.8,0.379,,,3.383928571,,
s023,Fish,0.201,10.3,0.109,0.201,-19.2,0.428,,,3.926605505,,
s027,Fish,0.5115,10.3,0.118,0.5115,-16.2,0.423,,,3.584745763,,
s086,Fish,0.341,10.3,0.103,0.341,-17.9,0.378,,,3.669902913,,
s116,Fish,0.253,10.3,0.121,0.253,-18.9,0.405,,,3.347107438,,
s170,Fish,0.2185,10.3,0.133,0.2185,-18.7,0.438,,,3.293233083,,
s062,Inv,0.33,10.1,0.11,0.433,-16.7,0.404,,,3.672727273,10.58905699,-17.10936208
s063,Inv,0.148,7.6,0.085,0.215,-16.1,0.416,,,4.894117647,27.91738089,-15.26759334
s064,Inv,0.557,8,0.035,0.503,-18.4,0.171,,,4.885714286,27.82309125,-17.57398036
s065,Inv,0.62,8,0.018,0.533,-17.2,0.069,"LOW AMP 28, use with caution",,3.833333333,,
s066,Inv,0.521,7.9,0.027,0.6065,-16.3,0.117,,,4.333333333,20.96281952,-15.94917793
s068,Inv,0.621,7.6,0.047,0.644,-16.1,0.206,,,4.382978723,21.63789979,-15.70147933
s069,Inv,0.649,10.7,0.092,0.6475,-14.7,0.392,,,4.260869565,19.95420551,-14.42083365
s038b,Fish,0.5395,10.2,0.126,0.5395,-15.9,0.433,,,3.436507937,,
s040,Fish,0.6045,10.2,0.104,0.6045,-14.2,0.356,,,3.423076923,,
s046,Fish,0.427,10.2,0.126,0.427,-14.9,0.436,,,3.46031746,,
s150,Fish,0.554,10.2,0.115,0.554,-16.7,0.424,,,3.686956522,,
s157,Fish,0.511,10.2,0.125,0.511,-17.4,0.445,,,3.56,,
s176,Fish,0.517,10.2,0.12,0.517,-18.9,0.423,,,3.525,,
s193,Fish,0.55,10.2,0.111,0.55,-18.1,0.388,,,3.495495495,,
s221,Fish,0.5375,10.2,0.108,0.5375,-18.7,0.374,,,3.462962963,,
s252,Fish,0.532,10.2,0.113,0.532,-19,0.395,,,3.495575221,,
s253,Fish,0.5515,10.2,0.12,0.5515,-19.8,0.413,,,3.441666667,,
s013,Fish,0.543,10.2,0.123,0.543,-16.7,0.428,,,3.479674797,,
s022,Fish,0.365,10.2,0.125,0.365,-18.9,0.445,,,3.56,,
s082,Fish,0.4425,10.2,0.121,0.4425,-17.4,0.461,,,3.809917355,,
s103,Fish,0.5275,10.2,0.137,0.5275,-19.9,0.471,,,3.437956204,,
s171,Fish,0.1965,10.2,0.131,0.1965,-19.2,0.431,,,3.290076336,,
s070,Inv,0.5975,9.5,0.087,0.677,-17.1,0.337,,,3.873563218,14.04569806,-17.25024105
s075,Inv,0.577,8.1,0.027,0.649,-10.8,0.181,,,6.703703704,43.37647477,-8.969718566
s076,Inv,0.505,10.2,0.084,0.655,-10.1,0.158,,,1.880952381,-42.23057748,-15.37925066
s078,Inv,0.54,9.6,0.093,0.5225,-17.4,0.362,,,3.892473118,14.35628359,-17.52724961
s079,Inv,0.5325,9,0.073,0.6375,-16,0.295,,,4.04109589,16.71481544,-15.95419097
s080,Inv,2.135,9.7,0.008,0.6805,-4.5,0.133,,,16.625,71.44602816,-1.077875062
s081,Inv,2.064,11.1,0.008,0.655,-8.2,0.127,,,15.875,70.4832032,-4.828337204
s082,Inv,0.553,9,0.069,0.535,-17,0.253,,,3.666666667,10.48003549,-17.41763264
s083,Inv,0.5875,9.9,0.097,0.504,-17.3,0.364,,,3.75257732,11.99900331,-17.60294444
s133,Fish,0.569,10.1,0.1,0.569,-16.9,0.331,,,3.31,,
s179,Fish,0.433,10.1,0.124,0.433,-19.2,0.451,,,3.637096774,,
s190,Fish,0.512,10.1,0.108,0.512,-18.8,0.391,,,3.62037037,,
s195,Fish,0.55,10.1,0.11,0.55,-19.4,0.419,,,3.809090909,,
s213,Fish,0.5195,10.1,0.123,0.5195,-19.5,0.416,,,3.382113821,,
s249,Fish,0.539,10.1,0.107,0.539,-19.6,0.417,,,3.897196262,,
s275,Fish,0.565,10.1,0.102,0.565,-14.9,0.365,,,3.578431373,,
s118,Fish,0.287,10.1,0.128,0.287,-19.7,0.456,,,3.5625,,
s084,Inv,0.6075,8.2,0.064,0.5285,-19.4,0.351,,,5.484375,33.92073134,-18.16866302
s085,Inv,0.5135,9.9,0.094,0.614,-17.3,0.432,,,4.595744681,24.39332297,-16.70893643
s086,Inv,0.5095,6.7,0.019,0.5035,-19.4,0.12,LOW AMP 28,,6.315789474,,
s087,Inv,0.594,8,0.052,0.5355,-17.9,0.205,,,3.942307692,15.16320618,-17.96773716
s088,Inv,1.9445,9,0.011,0.5515,-5.7,0.135,,,12.27272727,64.33249264,-2.657226006
s089,Inv,1.9615,9.5,0.01,0.4785,-17.7,0.234,,,23.4,77.45180058,-13.96912806
s090,Inv,2.5215,9.2,0.008,0.5995,-4,0.12,,,15,69.24521073,-0.693621854
s091,Inv,0.5595,11.1,0.108,0.605,-15.3,0.457,,,4.231481481,19.5370606,-15.05060703
s092,Inv,0.215,10.9,0.12,NA,NA,NA,,,#VALUE!,#VALUE!,#VALUE!
s093,Inv,1.792,9.5,0.013,0.3285,-8.3,0.128,,,9.846153846,57.86792782,-5.615541777
s041,Fish,0.555,10,0.119,0.555,-19,0.397,,,3.336134454,,
s055,Fish,0.5375,10,0.135,0.5375,-19.3,0.443,,,3.281481481,,
s056,Fish,0.521,10,0.134,0.521,-19.5,0.447,,,3.335820896,,
s073,Fish,0.537,10,0.119,0.537,-18.4,0.393,,,3.302521008,,
s147,Fish,0.4725,10,0.121,0.4725,-20,0.447,,,3.694214876,,
s159,Fish,0.574,10,0.093,0.574,-17.4,0.362,,,3.892473118,,
s014,Fish,0.2615,10,0.115,0.2615,-19.4,0.444,,,3.860869565,,
s024,Fish,0.2715,10,0.115,0.2715,-15.9,0.412,,,3.582608696,,
s029,Fish,0.44,10,0.097,0.44,-17.9,0.385,,,3.969072165,,
s030,Fish,0.3045,10,0.121,0.3045,-18.1,0.449,,,3.710743802,,
s058,Fish,0.352,10,0.121,0.352,-18.2,0.444,,,3.669421488,,
s062,Fish,0.4385,10,0.122,0.4385,-18.3,0.432,,,3.540983607,,
s080,Fish,0.4175,10,0.118,0.4175,-16.6,0.436,,,3.694915254,,
s081,Fish,0.3235,10,0.12,0.3235,-18.4,0.444,,,3.7,,
s084,Fish,0.3665,10,0.124,0.3665,-18.7,0.445,,,3.588709677,,
s102,Fish,0.5095,10,0.133,0.5095,-20.1,0.468,,,3.518796992,,
s148,Fish,0.376,10,0.131,0.376,-19.5,0.449,,,3.427480916,,
s166,Fish,0.386,10,0.138,0.386,-19.5,0.446,,,3.231884058,,
s094,Inv,0.512,9.2,0.052,0.5585,-15.3,0.173,,,3.326923077,3.870286409,-16.2306423
s095,Inv,0.5365,7.2,0.061,0.5665,-16.3,0.263,,,4.31147541,20.66152787,-15.9705336
s096,Inv,0.504,8.7,0.085,0.4965,-16.1,0.344,,,4.047058824,16.80649452,-16.04751822
s097,Inv,0.518,8.5,0.042,0.616,-17.5,0.185,,,4.404761905,21.930131,-17.08089604
s098,Inv,0.5905,7.5,0.051,0.631,-16.8,0.205,,,4.019607843,16.38260237,-16.77840449
s099,Inv,0.6145,5.2,0.036,0.562,-16.2,0.219,,,6.083333333,38.97734534,-14.64404519
s100,Inv,0.524,7,0.04,0.585,-11.7,0.209,,,5.225,31.42486841,-10.63268941
s043,Fish,0.4795,9.9,0.116,0.4795,-15.6,0.414,,,3.568965517,,
s163,Fish,0.5245,9.9,0.12,0.5245,-18.9,0.428,,,3.566666667,,
s225,Fish,0.5135,9.9,0.107,0.5135,-19,0.392,,,3.663551402,,
s297,Fish,0.503,9.9,0.086,0.503,-16.1,0.302,,,3.511627907,,
s079,Fish,0.427,9.9,0.121,0.427,-18.1,0.451,,,3.727272727,,
s101,Inv,0.555,8.7,0.052,0.5975,-14.9,0.243,,,4.673076923,25.34281877,-14.24337476
s102,Inv,0.6365,8.9,0.061,0.643,-13.3,0.227,,,3.721311475,11.45271465,-13.64405701
s103,Inv,0.516,10.9,0.087,0.668,-16.3,0.44,,,5.057471264,29.69757071,-15.34771997
s104,Inv,0.521,6.2,0.048,0.508,-12.7,0.267,,,5.5625,34.63332549,-11.42229899
s105,Inv,0.6795,11.5,0.109,0.556,-15.6,0.381,,,3.495412844,7.27556638,-16.26346657
s106,Inv,0.517,8.2,0.09,0.5825,-18.9,0.328,,,3.644444444,10.07781014,-19.34819868
s107,Inv,0.6405,8.6,0.05,0.472,-17.5,0.295,,,5.9,37.52397996,-16.03631048
s106,Fish,0.6065,9.8,0.111,0.6065,-19.1,0.389,,,3.504504505,,
s164,Fish,0.5325,9.8,0.115,0.5325,-19.8,0.46,,,4,,
s220,Fish,0.5125,9.8,0.105,0.5125,-19.8,0.417,,,3.971428571,,
s257,Fish,0.54,9.8,0.136,0.54,-19.6,0.475,,,3.492647059,,
s083,Fish,0.5075,9.8,0.119,0.5075,-18.3,0.462,,,3.882352941,,
s108,Inv,0.5835,10.9,0.105,0.497,-16.4,0.356,,,3.39047619,5.186041492,-17.22667088
s109,Inv,0.571,10.6,0.118,0.512,-13.7,0.445,,,3.771186441,12.32068813,-13.97880529
s110,Inv,2.0115,8.7,0.007,0.5635,-11.1,0.104,,,14.85714286,69.03004529,-7.805014762
s111,Inv,1.921,8.3,0.013,0.5865,-9.8,0.102,,,7.846153846,49.84762823,-7.579204354
s112,Inv,0.621,8,0.044,0.582,-14.4,0.209,,,4.75,26.26157158,-13.68031421
s113,Inv,0.638,7.1,0.025,0.658,-12.1,0.184,,,7.36,47.31232683,-10.03040076
s057,Fish,0.5775,9.7,0.134,0.5775,-19.5,0.446,,,3.328358209,,
s072,Fish,0.5875,9.7,0.109,0.5875,-19.3,0.416,,,3.816513761,,
s125,Fish,0.565,9.7,0.107,0.565,-19.9,0.434,,,4.056074766,,
s162,Fish,0.5985,9.7,0.117,0.5985,-19.8,0.457,,,3.905982906,,
s028,Fish,0.4315,9.7,0.099,0.4315,-17.6,0.392,,,3.95959596,,
s114,Inv,0.6335,10.5,0.081,0.509,-14.3,0.359,,,4.432098765,22.29349816,-13.85535654
s115,Inv,0.551,8.5,0.092,0.422,-16.8,0.343,,,3.72826087,11.57477303,-17.13485809
s116,Inv,0.62,9.6,0.092,0.3255,-16.7,0.371,,,4.032608696,16.58394513,-16.66372319
s117,Inv,0.5455,11.9,0.108,0.4445,-15.2,0.468,,,4.333333333,20.96281952,-14.84917793
s118,Inv,1.948,9.5,0.012,0.547,-8.7,0.116,,,9.666666667,57.27199385,-6.04925043
s119,Inv,2.193,9.1,0.013,0.578,-9.6,0.101,,,7.769230769,49.46537755,-7.401854559
s120,Inv,2.1525,9.3,0.017,0.5965,-8,0.109,,,6.411764706,41.39909919,-6.292116997
s121,Inv,1.968,9.5,0.006,0.6855,-6.7,0.088,LOW AMP 28,,14.66666667,,
s122,Inv,0.566,6.6,0.048,0.5805,-14.6,0.175,,,3.645833333,10.10306407,-15.04627714
s123,Inv,0.6135,11,0.081,0.66,-16.3,0.298,,,3.679012346,10.70181246,-16.70081462
s124,Inv,0.586,7.2,0.059,0.6055,-16.2,0.237,,,4.016949153,16.34129679,-16.18141877
s039,Fish,0.5315,9.6,0.122,0.5315,-19.4,0.416,,,3.409836066,,
s045,Fish,0.5275,9.6,0.113,0.5275,-14.9,0.385,,,3.407079646,,
s126,Fish,0.5815,9.6,0.112,0.5815,-19.7,0.404,,,3.607142857,,
s128,Fish,0.5335,9.6,0.11,0.5335,-19.4,0.401,,,3.645454545,,
s174,Fish,0.577,9.6,0.122,0.577,-20.1,0.422,,,3.459016393,,
s175,Fish,0.509,9.6,0.12,0.509,-19.5,0.412,,,3.433333333,,
s125,Inv,0.506,6.7,0.06,0.546,-16.2,0.301,,,5.016666667,29.26207936,-15.27692014
s126,Inv,0.659,8.9,0.06,0.563,-18.9,0.32,,,5.333333333,32.49251789,-17.76221056
s127,Inv,0.591,9,0.073,0.5535,-16.5,0.37,,,5.068493151,29.814184,-15.53991455
s128,Inv,0.557,9.6,0.104,0.4775,-18.2,0.361,,,3.471153846,6.801400995,-18.90029808
s129,Inv,0.5135,7.7,0.06,0.4555,-18.6,0.295,,,4.916666667,28.16904845,-17.75056451
s130,Inv,0.6495,9.8,0.086,0.524,-16.8,0.278,,,3.23255814,1.842234836,-17.89275488
s131,Inv,0.599,7.6,0.038,0.496,-18.2,0.17,,,4.473684211,22.83918999,-17.71711476
s132,Inv,0.596,7.3,0.042,0.5055,-17.5,0.252,,,6,38.32627866,-15.98527551
s133,Inv,0.5095,7.8,0.05,0.655,-16.1,0.184,,,3.68,10.71950313,-16.49947416
s134,Inv,0.637,7.7,0.034,0.5425,-18,0.213,,,6.264705882,40.3421263,-16.3581495
s135,Inv,0.586,7.9,0.038,0.647,-18.3,0.172,,,4.526315789,23.51787189,-17.76974065
s136,Inv,0.561,8.1,0.056,0.544,-18,0.226,,,4.035714286,16.63188457,-17.96023047
s096,Fish,0.5205,9.5,0.124,0.5205,-19.9,0.411,,,3.314516129,,
s097,Fish,0.544,9.5,0.133,0.544,-20.6,0.456,,,3.428571429,,
s127,Fish,0.5035,9.5,0.097,0.5035,-20.5,0.429,,,4.422680412,,
s178,Fish,0.56,9.5,0.129,0.56,-19.8,0.449,,,3.480620155,,
s137,Inv,0.659,7.6,0.042,0.51,-17.4,0.248,,,5.904761905,37.56271822,-15.93384051
s138,Inv,0.6075,5.8,0.037,0.493,-16.9,0.166,,,4.486486486,23.00549216,-16.40548716
s139,Inv,0.5135,5.7,0.038,0.578,-17.3,0.187,,,4.921052632,28.21777387,-16.44727069
s140,Inv,0.6185,6.5,0.039,0.583,-17.2,0.17,,,4.358974359,21.31307441,-16.82440418
s141,Inv,1.9355,10.1,0.004,0.5245,-22.9,0.059,LOW AMP 28,,14.75,,
s142,Inv,2.0305,10.5,0.012,0.4745,-19.8,0.06,,,5,29.08247423,-18.8889863
s143,Inv,1.9995,10.4,0.004,0.5525,-10.4,0.096,LOW AMP 28,,24,,
s136,Fish,0.5265,9.4,0.122,0.5265,-20.5,0.417,,,3.418032787,,
s165,Fish,0.517,9.4,0.117,0.517,-20.1,0.412,,,3.521367521,,
s177,Fish,0.557,9.4,0.119,0.557,-19.8,0.415,,,3.487394958,,
s144,Inv,1.919,8.8,0.012,0.537,-10.3,0.093,,,7.75,49.3687544,-8.1075881
s145,Inv,0.115,NA,NA,NA,NA,NA,no enough for detection,,#VALUE!,,
s146,Inv,2.1265,9.3,0.007,0.581,-12.3,0.08,,,11.42857143,62.37191249,-9.364495455
s147,Inv,1.9265,8.9,0.008,0.5785,-14.5,0.084,,,10.5,59.88034188,-11.70256671
s148,Inv,0.577,10.7,0.075,0.513,-14.5,0.291,,,3.88,14.15169397,-14.64238925
s149,Inv,0.5955,7.9,0.076,0.5885,-16,0.278,,,3.657894737,10.32172937,-16.42965282
s150,Inv,2.095,10.2,0.01,0.546,-22.1,0.141,,,14.1,67.82131254,-18.86927343
s151,Inv,0.5435,7.9,0.05,0.6385,-17.5,0.203,,,4.06,17.00470681,-17.43310533
s152,Inv,0.513,7.2,0.04,0.6435,-15.2,0.137,,,3.425,5.884642406,-15.97184687
s153,Inv,0.647,6.5,0.038,0.547,-13.1,0.153,,,4.026315789,16.4866199,-13.07081742
s154,Inv,0.604,6.9,0.054,0.6335,-15.1,0.142,,,2.62962963,-13.6649675,-17.51184726
s155,Inv,0.6125,7.4,0.055,0.49,-14.9,0.153,,,2.781818182,-9.273408914,-16.92333595
s156,Inv,0.5005,8,0.027,0.407,-19.1,0.116,,,4.296296296,20.45081044,-18.78549422
s157,Inv,0.6605,10.8,0.103,0.5695,-13.6,0.363,,,3.524271845,7.832893228,-14.22032682
s158,Inv,0.6135,10.8,0.095,0.592,-13.2,0.37,,,3.894736842,14.39330041,-13.32451255
s159,Inv,0.6125,8.6,0.078,0.6625,-14.9,0.287,,,3.679487179,10.71031854,-15.30017008
s160,Inv,0.5585,10,0.076,0.53,-14.1,0.283,,,3.723684211,11.49443022,-14.44091227
s161,Inv,0.5425,9.4,0.094,0.4975,-14.3,0.307,,,3.265957447,2.570506455,-15.33427908
s162,Inv,0.6655,9.7,0.104,0.6355,-13.6,0.345,,,3.317307692,3.667775007,-14.54672841
s163,Inv,0.5545,9,0.078,0.2185,-16.4,0.307,,,3.935897436,15.06034038,-16.47530607
s005,Fish,0.5915,9.2,0.116,0.5915,-17.1,0.388,,,3.344827586,,
s173,Fish,0.5235,9.2,0.107,0.5235,-19.2,0.392,,,3.663551402,,
s164,Inv,0.582,8,0.073,0.6125,-17.6,0.323,,,4.424657534,22.19495635,-17.16227668
s165,Inv,0.4475,8.7,0.107,0.2275,-16.3,0.404,,,3.775700935,12.39834277,-16.57298588
s166,Inv,0.562,8,0.083,0.52,-15.9,0.331,,,3.987951807,15.88788324,-15.91456078
s167,Inv,1.875,8.6,0.017,0.6755,-10.1,0.101,,,5.941176471,37.85717275,-8.615085169
s169,Inv,2.2585,8.6,0.011,0.678,-14.2,0.078,,,7.090909091,45.77662374,-12.22310504
s170,Inv,2.0315,9.7,0.012,0.685,-17.2,0.063,,,5.25,31.67457962,-16.11616289
s171,Inv,1.584,8.5,0.019,0.6235,-18.3,0.074,,,3.894736842,14.39330041,-18.42451255
s172,Inv,0.51,8.1,0.08,0.543,-13.8,0.317,,,3.9625,15.48546602,-13.84405846
s060,Fish,0.5915,9.1,0.103,0.5915,-19.3,0.423,LOW AMP 28,,4.106796117,,
s173,Inv,0.6145,8.7,0.067,0.557,-17,0.261,,,3.895522388,14.40613766,-17.12356351
s174,Inv,0.5645,9.2,0.076,0.524,-15.5,0.289,,,3.802631579,12.85849378,-15.73856418
s175,Inv,0.5445,10.3,0.083,0.585,-15.4,0.332,,,4,16.07692308,-15.40073096
s176,Inv,0.5915,10.6,0.094,0.504,-15.9,0.312,,,3.319148936,3.706624992,-16.8436407
s177,Inv,0.8295,10.2,0.071,0.559,-17.1,0.31,,,4.366197183,21.41112376,-16.71747917
s178,Inv,0.5845,10.6,0.093,0.2775,-16.2,0.343,,,3.688172043,10.86558787,-16.58841111
s179,Inv,0.745,10.9,0.101,0.5215,-15.9,0.395,,,3.910891089,14.65644939,-16.00507448
s180,Inv,0.817,10.6,0.087,0.5925,-16.7,0.316,,,3.632183908,9.854209699,-17.16522642
s181,Inv,0.692,9,0.075,0.481,-18.1,0.269,,,3.586666667,9.01343785,-18.62948354
s182,Inv,0.823,10.1,0.104,0.8175,-15.5,0.396,,,3.807692308,12.94437823,-15.73215127
s183,Inv,0.8095,7.4,0.065,0.8725,-15.2,0.372,,,5.723076923,36.04530936,-13.83103425
s184,Inv,0.8556,9.2,0.088,0.8755,-16.1,0.25,,,2.840909091,-7.664206642,-17.9840317
s185,Inv,0.8495,9.9,0.081,0.8645,-15.5,0.381,,,4.703703704,25.71163277,-14.81801591
s186,Inv,0.863,9.6,0.087,0.828,-17.2,0.312,,,3.586206897,9.004858451,-17.73014112
s187,Inv,0.833,9.4,0.085,0.8825,-16.3,0.325,,,3.823529412,13.21196064,-16.51219466
s188,Inv,0.825,8.9,0.069,0.6885,-16.5,0.329,,,4.768115942,26.47432588,-15.76576407
s189,Inv,0.845,9.1,0.071,0.7375,-16.5,0.137,,,1.929577465,-39.91865451,-21.52252221
s190,Inv,0.8,9.5,0.095,0.878,-16.7,0.348,,,3.663157895,10.41678584,-17.12243365
s191,Inv,0.845,9.6,0.089,0.8705,-15.5,0.317,,,3.561797753,8.546848694,-16.06530099
s192,Inv,0.5825,9.9,0.098,0.5205,-17.2,0.317,,,3.234693878,1.88915547,-18.28897855
s193,Inv,0.8575,8.5,0.067,0.858,-16.3,0.31,,,4.626865672,24.77861718,-15.68228413
s194,Inv,0.815,9.7,0.085,0.8565,-16.7,0.339,,,3.988235294,15.89234191,-16.71423439
s195,Inv,0.68,8.2,0.063,0.545,-15.6,0.254,,,4.031746032,16.57061793,-15.56469437
s196,Inv,0.5245,8.4,0.103,0.347,-17.5,0.353,,,3.427184466,5.92847209,-18.26841597
s197,Inv,0.5125,9.8,0.114,0.35,-16.1,0.467,,,4.096491228,17.55810776,-15.99296443
s198,Inv,0.819,9.6,0.085,0.828,-17.2,0.318,,,3.741176471,11.80065329,-17.51785447
s199,Inv,0.504,9.1,0.094,0.3115,-16.6,0.399,,,4.244680851,19.72500503,-16.33718262
s200,Inv,0.8375,9.2,0.079,0.44,-16.7,0.416,,,5.265822785,31.83158079,-15.60578541
s201,Inv,0.5865,9.7,0.094,0.274,-16.6,0.294,,,3.127659574,-0.523332691,-17.88474688
s202,Inv,NA,NA,NA,NA,NA,NA,,,#VALUE!,#VALUE!,#VALUE!
s203,Inv,0.886,7.8,0.045,0.573,-18.5,0.158,,,3.511111111,7.579633825,-19.13991007
s204,Inv,0.812,6.4,0.032,0.583,-18,0.129,,,4.03125,16.56295269,-17.96525299
s205,Inv,0.8655,8,0.03,0.587,-17.8,0.233,,,7.766666667,49.4525192,-15.60261737
s206,Inv,0.844,7.8,0.036,0.5225,-16,0.191,,,5.305555556,32.22230694,-14.88000347
s207,Inv,0.347,9.3,0.074,0.273,-15.9,0.219,,,2.959459459,-4.583801259,-17.52179744
s208,Inv,0.869,8.6,0.031,0.429,-18.5,0.189,,,6.096774194,39.08090669,-16.9375021
s209,Inv,0.801,7.6,0.052,0.602,-16.5,0.188,,,3.615384615,9.54586871,-16.98874949
s215,Inv,2.7195,9.1,0.011,0.5635,-13.9,0.055,,,5,29.08247423,-12.9889863
s216,Inv,2.77,8.3,0.014,0.6375,-13.7,0.069,,,4.928571429,28.30113298,-12.84163802
s217,Inv,2.1685,8.7,0.015,0.5905,-11,0.049,,,3.266666667,2.585844838,-12.03305067
s219,Inv,0.8605,9,0.07,0.5815,-16.4,0.307,,,4.385714286,21.67473048,-15.99888301
s220,Inv,0.894,10.9,0.081,0.565,-15.5,0.3,,,3.703703704,11.14180929,-15.86752239
s221,Inv,0.804,10.1,0.073,0.526,-15.9,0.325,,,4.452054795,22.55642023,-15.43691427
s222,Inv,0.864,9.2,0.074,0.585,-16.6,0.298,,,4.027027027,16.49763223,-16.57001448
s223,Inv,0.793,9.3,0.07,0.53,-15.8,0.311,,,4.442857143,22.43548387,-15.34539328
s224,Inv,0.809,11.2,0.105,0.49,-14.6,0.389,,,3.704761905,11.16056118,-14.96610571
s225,Inv,0.7955,11.8,0.12,0.5195,-14.5,0.436,,,3.633333333,9.875223454,-14.96362508
s226,Inv,0.802,10.8,0.091,0.4995,-16.5,0.381,,,4.186813187,18.89381879,-16.29667704
s227,Inv,0.824,9.1,0.084,0.4045,-14.1,0.374,,,4.452380952,22.56070115,-13.63661426
s228,Inv,0.4015,7.9,0.087,0.0605,-18.1,0.371,,,4.264367816,20.00354562,-17.81731739
s229,Inv,0.434,8.5,0.103,0.1245,-16.4,0.385,,,3.737864078,11.7428426,-16.72220385
s230,Inv,0.803,8.6,0.055,0.5755,-17.8,0.207,,,3.763636364,12.19048296,-18.0885696
s231,Inv,0.8375,7.2,0.03,0.59,-19.1,0.128,,,4.266666667,20.03593284,-18.8150099
s232,Inv,0.872,8.1,0.049,0.669,-17.2,0.212,,,4.326530612,20.86931953,-16.85580077
s233,Inv,0.8325,6.4,0.03,0.5575,-17.7,0.092,,,3.066666667,-1.956095569,-19.102581
s234,Inv,0.8655,5.7,0.032,0.2355,-19.9,0.181,,,5.65625,35.46607122,-18.5683771
s235,Inv,0.299,6.6,0.055,0.1075,-19.3,0.313,,,5.690909091,35.76795005,-17.94889858
s236,Inv,2.3225,9.2,0.013,0.586,-17.9,0.061,,,4.692307692,25.57487034,-17.22741242
s237,Inv,2.1485,10.6,0.011,0.566,-18.6,0.039,,LOW AMP 44,3.545454545,8.237385036,-19.18911923
s238,Inv,0.8505,8,0.063,0.5695,-15.2,0.266,,,4.222222222,19.40464257,-14.96007521
s239,Inv,0.955,8.6,0.056,0.524,-15,0.25,,,4.464285714,22.71659919,-14.52569412
s240,Inv,0.8325,8.2,0.05,0.628,-17.2,0.167,,,3.34,4.144232974,-18.10891749
s241,Inv,0.9635,7.1,0.03,0.5135,-17.6,0.165,,,5.5,34.06463878,-16.35928328
s242,Inv,0.909,7.4,0.034,0.665,-16,0.175,,,5.147058824,30.63313609,-14.98526006
s243,Inv,0.8735,7.5,0.037,0.6055,-17,0.17,,,4.594594595,24.3790009,-16.40992841
s244,Inv,0.855,6.9,0.035,0.5395,-16.2,0.108,,,3.085714286,-1.503963069,-17.56526874
s245,Inv,0.8405,7.2,0.038,0.5455,-17.4,0.092,,,2.421052632,-20.33461612,-20.42637115
s246,Inv,0.882,6.6,0.031,0.5265,-19.2,0.237,,,7.64516129,48.83436739,-17.03935778
s247,Inv,0.8285,7.4,0.049,0.527,-17,0.184,,,3.755102041,12.04279699,-17.29965512
s248,Inv,0.8975,6.3,0.032,0.5205,-17,0.168,,,5.25,31.67457962,-15.91616289
s249,Inv,0.879,5.8,0.03,0.5225,-17.6,0.156,,,5.2,31.17311528,-16.54937733
s250,Inv,0.8695,7.1,0.053,0.6495,-15.8,0.327,,,6.169811321,39.63678587,-14.20245213
s251,Inv,0.5985,6.3,0.028,0.296,-18.9,0.138,,,4.928571429,28.30113298,-18.04163802
s252,Inv,0.8245,7.1,0.056,0.651,-14.6,0.227,,,4.053571429,16.90637328,-14.54025325
s253,Inv,0.92,9.9,0.096,0.5065,-15.3,0.348,,,3.625,9.722632639,-15.77525834
s254,Inv,0.8605,8.5,0.094,0.635,-14.16,0.433,,,4.606382979,24.52551932,-13.55978446
s255,Inv,0.873,10.1,0.095,0.5165,-15,0.331,,,3.484210526,7.057256252,-15.68040938
s256,Inv,0.871,10.4,0.087,0.5225,-15.3,0.429,,,4.931034483,28.32839364,-14.43979663
s257,Inv,0.524,9.5,0.066,0.4865,-15.1,0.381,,,5.772727273,36.46816976,-13.70385736
s258,Inv,0.804,10.7,0.095,0.5995,-15.5,0.418,,,4.4,21.8664525,-15.08537791
s259,Inv,0.518,9.8,0.071,0.4475,-14.6,0.362,,,5.098591549,30.13045217,-13.61877427
s260,Inv,0.516,8.2,0.071,0.4295,-13.5,0.254,,,3.577464789,8.841394869,-14.04267718
s261,Inv,0.2585,7.7,0.086,0.2965,-15,0.406,,,4.720930233,25.91731669,-14.30389949
s262,Inv,0.29,7.9,0.091,0.095,-17.3,0.367,,,4.032967033,16.58947967,-17.26331991
s269,Inv,2.023,10.2,0.006,0.581,-8.4,0.108,,may have inorganic carbonate present,18,73.01289491,-4.896331817
s270,Inv,2.21,8.6,0.008,0.6245,-7.1,0.094,,may have inorganic carbonate present,11.75,63.14925373,-4.121820972
s271,Inv,2.6665,9,0.006,0.645,-8,0.099,,may have inorganic carbonate present,16.5,71.29131653,-4.585965288
s272,Inv,0.928,8.2,0.073,0.6765,-19.2,0.308,,,4.219178082,19.36100355,-18.96319729
s273,Inv,0.8455,9.3,0.097,0.6655,-19.9,0.373,,,3.845360825,13.57790338,-20.08495976
s274,Inv,0.817,6.9,0.109,0.6275,-10.3,0.327,,,3,-3.573208723,-11.83700769
s275,Inv,0.83,9.5,0.082,0.683,-14.5,0.344,,,4.195121951,19.01431981,-14.28803182
s276,Inv,0.813,11,0.105,0.5485,-11.5,0.406,,,3.866666667,13.93181432,-11.65868332
s277,Inv,0.8755,8.4,0.075,0.683,-15.2,0.343,,,4.573333333,24.1131522,-14.62835838
s278,Inv,0.894,10.5,0.101,0.414,-12,0.381,,,3.772277228,12.33946467,-12.27739791
s279,Inv,0.817,8.5,0.054,0.6375,-15.9,0.218,,,4.037037037,16.65228496,-15.85874449
s280,Inv,0.876,4.3,0.073,0.5115,-8.4,0.255,,,3.493150685,7.231570968,-9.066878982
s281,Inv,0.5955,10.4,0.088,0.276,-12.9,0.377,,,4.284090909,20.28048195,-12.59760227
s282,Inv,0.808,6.6,0.026,0.527,-11,0.192,,,7.384615385,47.44783542,-8.92226152
s283,Inv,0.816,6.5,0.039,0.5165,-13.4,0.228,,,5.846153846,37.08214236,-11.96452408
s284,Inv,2.4205,8.8,0.008,0.506,-7.1,0.082,,,10.25,59.13872201,-4.344047714
s285,Inv,0.8585,9.4,0.063,0.6095,-15.8,0.239,,,3.793650794,12.70562842,-16.04998758
s286,Inv,0.814,11.5,0.084,0.5815,-15.5,0.339,,,4.035714286,16.63188457,-15.46023047
s287,Inv,0.8425,12.9,0.08,0.504,-15.7,0.356,,,4.45,22.52943851,-15.23880542
s288,Inv,0.857,11.4,0.081,0.528,-16.3,0.311,,,3.839506173,13.48009627,-16.49223246
s289,Inv,0.839,8.7,0.085,0.5785,-15,0.357,,,4.2,19.08488317,-14.78297249
s290,Inv,0.8575,10.3,0.103,0.5435,-15.6,0.368,,,3.572815534,8.754201736,-16.1493697
s291,Inv,0.8875,11.8,0.099,0.5995,-16.5,0.386,,,3.898989899,14.46275303,-16.61937899
s292,Inv,0.802,11.3,0.104,0.391,-12.4,0.434,,,4.173076923,18.6937402,-12.21104652
s293,Inv,0.8025,10.1,0.095,0.259,-15.6,0.32,,,3.368421053,4.73385284,-16.46229721
s294,Inv,0.3495,10.5,0.091,0.1855,-17.4,0.385,,,4.230769231,19.52689152,-17.15133385
s295,Inv,0.813,7.8,0.037,0.5155,-14.5,0.152,,,4.108108108,17.732594,-14.38033831
s296,Inv,0.875,6.6,0.023,0.587,-15.3,0.152,,,6.608695652,42.74980619,-13.50835011
s297,Inv,0.705,6.2,0.023,0.2695,-21,0.118,,,5.130434783,30.46162617,-19.99668279
s298,Inv,0.844,7.9,0.039,0.64,-17.4,0.192,,,4.923076923,28.24023783,-16.54575249
s299,Inv,0.8455,7.3,0.043,0.518,-15.6,0.23,,,5.348837209,32.64229115,-14.45236123
s302,Inv,2.1635,10,0.01,0.6385,-5.1,0.116,,may have inorganic carbonates present,11.6,62.79146365,-2.141439374
s303,Inv,0.8815,8.2,0.022,0.584,-13.6,0.183,,,8.318181818,52.05379443,-11.24947631
s304,Inv,0.8085,8.6,0.032,0.5555,-10.6,0.146,,,4.5625,23.97689953,-10.03781631
s305,Inv,0.8815,7.9,0.034,0.5735,-12.8,0.173,,,5.088235294,30.02198853,-11.82601954
s306,Inv,0.8825,8.8,0.053,0.56,-17.7,0.233,,,4.396226415,21.81590919,-17.28893661
s307,Inv,0.845,8.6,0.07,0.497,-21.2,0.416,,,5.942857143,37.87068747,-19.71422516
s308,Inv,0.813,9.1,0.042,0.5775,-15.3,0.186,,,4.428571429,22.246821,-14.85863391
s309,Inv,0.9115,7,0.029,0.528,-18.1,0.184,,,6.344827586,40.92330418,-16.42178876
s310,Inv,0.843,8.2,0.051,0.549,-17.9,0.241,,,4.725490196,25.97155213,-17.20018032
s311,Inv,0.855,8.1,0.048,0.556,-21.3,0.258,,,5.375,32.89335919,-20.13587126
s312,Inv,0.5465,8.5,0.039,0.306,-21.7,0.226,,,5.794871795,36.65475136,-20.29188849
s313,Inv,0.892,6.8,0.033,0.371,-17.9,0.273,,,8.272727273,51.85121274,-15.56131818
s314,Inv,0.852,8.1,0.029,0.608,-20.1,0.159,,,5.482758621,33.90580425,-18.86963643
s315,Inv,0.8415,7.5,0.033,0.574,-15.5,0.204,,,6.181818182,39.72707389,-13.89677044
s316,Inv,0.8085,7.4,0.038,0.399,-16,0.24,,,6.315789474,40.7141589,-14.33485885
s317,Inv,0.856,8.7,0.041,0.578,-14,0.198,,,4.829268293,27.18259023,-13.21746831
s318,Inv,0.8415,8.7,0.061,0.567,-16.7,0.261,,,4.278688525,20.20483505,-16.40298405
s319,Inv,0.853,7.3,0.04,0.54,-16.8,0.225,,,5.625,35.19114219,-15.48614846
s320,Inv,0.83,7.8,0.053,0.5615,-16.4,0.263,,,4.962264151,28.67205669,-15.51661034
s321,Inv,0.822,7.1,0.04,0.5245,-17.2,0.228,,,5.7,35.84660767,-15.84382923
s322,Inv,0.846,7.3,0.029,0.505,-18.7,0.186,,,6.413793103,41.41338153,-16.99122764
s323,Inv,0.772,7.6,0.05,0.2435,-17.5,0.22,,,4.4,21.8664525,-17.08537791
s324,Inv,0.8915,10.5,0.109,0.5205,-17.5,0.333,,,3.055045872,-2.234068938,-18.92557959
s325,Inv,0.8355,10.5,0.066,0.5395,-17.7,0.259,,,3.924242424,14.87261341,-17.78913241
s326,Inv,0.8955,9.8,0.095,0.517,-17,0.36,,,3.789473684,12.63432938,-17.25531964
s327,Inv,0.815,10.7,0.071,0.546,-14.2,0.29,,,4.084507042,17.37725477,-14.10606653
s328,Inv,0.814,11.1,0.101,0.5405,-17.2,0.369,,,3.653465347,10.2415616,-17.63574484
s329,Inv,0.8575,8.2,0.061,0.5685,-18.1,0.326,,,5.344262295,32.59817293,-16.95526155
s330,Inv,0.8805,9.9,0.061,0.543,-17.5,0.347,,,5.68852459,35.74728269,-16.15023096
s331,Inv,0.88,9.6,0.087,0.51,-16.3,0.353,,,4.057471264,16.96605678,-16.23591427
s332,Inv,0.8145,7.6,0.053,0.5695,-16.5,0.277,,,5.226415094,31.43905729,-15.43174966
s333,Inv,0.886,11,0.098,0.516,-17.2,0.306,,,3.12244898,-0.644041674,-18.49462882
s334,Inv,0.8815,10.1,0.085,0.5745,-17.6,0.379,,,4.458823529,22.64515526,-17.13069716
s335,Inv,0.8125,10.7,0.096,0.612,-16.4,0.297,,,3.09375,-1.314508462,-17.74966909
s336,Inv,0.83,8.5,0.069,0.505,-18.1,0.303,,,4.391304348,21.74987509,-17.69358775
s337,Inv,0.8035,7.7,0.077,0.608,-16.4,0.315,,,4.090909091,17.47397564,-16.29905754
s338,Inv,0.81,10.4,0.089,0.598,-16.2,0.244,,,2.741573034,-10.39916801,-18.32175343
s339,Inv,0.8495,8.7,0.08,0.5445,-19.5,0.387,,,4.8375,27.27677956,-18.71106204
s340,Inv,0.852,8.9,0.074,0.6055,-18.1,0.339,,,4.581081081,24.21026748,-17.52162221
s341,Inv,0.883,9,0.08,0.5965,-15.7,0.349,,,4.3625,21.36096828,-15.32102099
s342,Inv,0.827,9.2,0.084,0.527,-15.9,0.365,,,4.345238095,21.12586254,-15.53763878
s343,Inv,0.862,8.9,0.071,0.505,-17.3,0.36,,,5.070422535,29.83455302,-16.33855175
s344,Inv,0.7845,9.5,0.096,0.5855,-14.4,0.325,,,3.385416667,5.082717873,-15.23480166
s345,Inv,0.808,10.7,0.102,0.695,-17.4,0.087,,,0.852941176,-120.8798701,-35.66937027
s346,Inv,0.8235,8.7,0.076,0.45,-17.8,0.326,,,4.289473684,20.35569808,-17.49225377
s347,Inv,0.83,9.3,0.082,0.5525,-17.6,0.366,,,4.463414634,22.70521542,-17.12649114
s348,Inv,2.501,10.2,0.01,0.507,-4.6,0.142,,Isotope composition may indicate inorganic carbonate,14.2,67.98789737,-1.360391443
s349,Inv,2.239,8.4,0.01,0.508,-6,0.135,,Isotope composition may indicate inorganic carbonate,13.5,66.77326565,-2.825345131
s351,Inv,0.868,8.2,0.081,0.5185,-17.2,0.232,,,2.864197531,-7.043826447,-19.03075479
s352,Inv,0.866,8.5,0.068,0.568,-13.8,0.266,,,3.911764706,14.6706302,-13.90402795
s353,Inv,0.8915,9.6,0.066,0.548,-14.8,0.302,,,4.575757576,24.14356869,-14.22624816
s354,Inv,0.63,9.8,0.106,0.506,-17.7,0.422,,,3.981132075,15.78046717,-17.72242684
s355,Inv,0.852,9.3,0.091,0.6105,-18.3,0.378,,,4.153846154,18.41180825,-18.1313266
s356,Inv,0.818,7.9,0.035,0.596,-9.5,0.149,,,4.257142857,19.90156976,-9.22458602
s357,Inv,0.827,9.8,0.056,0.52,-15.4,0.19,,,3.392857143,5.234580384,-16.22285323
s358,Inv,0.8645,7.5,0.041,0.548,-14.3,0.191,,,4.658536585,25.16630197,-13.65553288
s008,Fish,0.523,7.4,0.121,0.523,-13.2,0.441,,,3.644628099,,
s359,Inv,0.893,7.7,0.051,0.592,-16,0.318,,,6.235294118,40.1255142,-14.37173464
s360,Inv,2.532,8.6,0.015,0.6295,-6.9,0.157,,Isotope composition may indicate inorganic carbonate,10.46666667,59.78334167,-4.107982137
s361,Inv,2.338,8,0.009,0.5565,-5.4,0.137,,Isotope composition may indicate inorganic carbonate,15.22222222,69.57234025,-2.076326845
s363,Inv,0.83,9,0.026,0.5565,-16.4,0.298,,,11.46153846,62.45349807,-13.46000765
s364,Inv,0.829,8.7,0.076,0.601,-16.7,0.32,,,4.210526316,19.2366938,-16.47209569
s365,Inv,0.8735,10,0.043,0.5155,-13.4,0.28,,,6.511627907,42.09299217,-11.6489979
s366,Inv,0.83,7.6,0.045,0.566,-15.9,0.21,,,4.666666667,25.26511289,-15.24872529
s367,Inv,0.827,8.4,0.025,0.5725,-11.5,0.176,,,7.04,45.4743975,-9.541450095
s368,Inv,0.8665,8.7,0.052,0.631,-12.1,0.215,,,4.134615385,18.12772875,-11.95179907
s369,Inv,0.8385,7.4,0.025,0.5105,-13.5,0.26,,,10.4,59.58762664,-10.71891794
s370,Inv,0.8545,8.3,0.047,0.5695,-12.7,0.195,,,4.14893617,18.33948245,-12.53653522
s371,Inv,0.8815,7.9,0.037,0.6015,-13.9,0.208,,,5.621621622,35.16126267,-12.58808169
s372,Inv,0.849,7.1,0.027,0.561,-15.1,0.189,,,7,45.23420647,-13.15605343
s373,Inv,0.8555,7.2,0.035,0.558,-17.4,0.16,,,4.571428571,24.08923468,-16.83001801
s374,Inv,0.845,6.3,0.034,0.597,-17.1,0.158,,,4.647058824,25.0263124,-16.46518485
s375,Inv,0.811,10,0.066,0.183,-16.8,0.41,,,6.212121212,39.95359087,-15.18252987
s376,Inv,0.854,7.7,0.046,0.5395,-14.2,0.246,,,5.347826087,32.63254593,-13.05300181
s377,Inv,0.8435,6.3,0.028,0.538,-12.3,0.192,,,6.857142857,44.35619816,-10.40961545
s378,Inv,0.3545,6.2,0.031,0.1365,-16.9,0.224,LOW AMP 28,,7.225806452,,
s379,Inv,0.892,8.3,0.038,0.5165,-13.1,0.201,,,5.289473684,32.06476309,-11.99039135
s380,Inv,0.89,7.5,0.034,0.6195,-13.3,0.221,,,6.5,42.01315789,-11.55394961
s381,Inv,0.8225,7.7,0.045,0.592,-14.6,0.222,,,4.933333333,28.35381621,-13.73807969
s382,Inv,0.801,6.8,0.036,0.531,-14.6,0.259,,,7.194444444,46.37956387,-12.58660611
s383,Inv,0.8685,9.4,0.094,0.507,-20.5,0.311,,,3.308510638,3.481690833,-21.46152943
s384,Inv,0.8425,9.1,0.082,0.5465,-15.3,0.297,,,3.62195122,9.666666667,-15.77952809
s385,Inv,0.8355,10.3,0.073,0.5155,-16.7,0.33,,,4.520547945,23.44413708,-16.17487754
s386,Inv,0.852,10.2,0.083,0.5495,-15.4,0.405,,,4.879518072,27.75339166,-14.57870416
s387,Inv,0.865,10.7,0.113,0.5385,-15.9,0.361,,,3.194690265,1.002206056,-17.06057138
s388,Inv,0.826,8.1,0.071,0.572,-15.4,0.419,,,5.901408451,37.53544339,-13.93557951
s389,Inv,0.871,9.5,0.088,0.5805,-16.5,0.369,,,4.193181818,18.98621737,-16.29004739
s390,Inv,0.8415,7.6,0.064,0.5635,-17.4,0.353,,,5.515625,34.20784686,-16.14995747
s391,Inv,0.8325,8.7,0.069,0.597,-15.6,0.249,,,3.608695652,9.422459266,-16.098178
s009,Fish,0.558,6.7,0.099,0.558,-13.8,0.453,,,4.575757576,,
s392,Inv,0.873,8.4,0.075,0.563,-15.8,0.406,,,5.413333333,33.25747103,-14.6120026
s393,Inv,0.8285,8.5,0.074,0.519,-16.4,0.346,,,4.675675676,25.37427039,-15.74120988
s394,Inv,0.164,8.8,0.101,0.1095,-19.5,0.507,,,5.01980198,29.29575373,-18.57465937
s395,Inv,0.114,6.9,0.111,0.129,-16.7,0.422,,,3.801801802,12.84439423,-16.93961733
s396,Inv,0.5275,8.6,0.09,0.204,-14.3,0.297,,,3.3,3.300925926,-15.27592552
s397,Inv,0.2115,6.2,0.066,0.1205,-18.7,0.246,,,3.727272727,11.55743969,-19.03616396
s398,Inv,0.187,6.6,0.054,0.0825,-18.2,0.359,LOW AMP 28,,6.648148148,,
s401,Inv,2.2435,8.1,0.005,0.6,-7.9,0.131,LOW AMP 28,,26.2,,
s402,Inv,2.17,9.7,0.007,0.5165,-12.9,0.173,,,24.71428571,78.2491333,-9.128901946
s403,Inv,2.8165,8.6,0.008,0.598,-5.9,0.124,,,15.5,69.96879643,-2.555409091
s404,Inv,0.8115,10,0.07,0.5145,-15.3,0.281,,,4.014285714,16.29987276,-15.28444252
s405,Inv,0.8905,11,0.101,0.5225,-17,0.363,,,3.594059406,9.151147532,-17.51893391
s406,Inv,0.8735,9.4,0.094,0.579,-17.3,0.373,,,3.968085106,15.57413115,-17.33755246
s407,Inv,0.837,8.8,0.073,0.533,-16.4,0.321,,,4.397260274,21.82976381,-15.987961
s408,Inv,0.8905,8.5,0.053,0.5275,-18.5,0.26,,,4.905660377,28.04645187,-17.65885648
s409,Inv,0.826,9.2,0.039,0.5725,-15.9,0.133,,,3.41025641,5.587665389,-16.6951207
s410,Inv,0.8155,8.4,0.044,0.6295,-12.1,0.197,,,4.477272727,22.88588465,-11.61384868
s411,Inv,0.8745,8.1,0.045,0.568,-14.8,0.231,,,5.133333333,30.49159833,-13.79468573
s412,Inv,0.85,7.8,0.037,0.5725,-13.7,0.223,,,6.027027027,38.53914819,-12.1717769
s413,Inv,0.8725,6.9,0.034,0.578,-14.5,0.183,,,5.382352941,32.96354523,-13.33126612
s414,Inv,0.827,7.6,0.034,0.5845,-13.1,0.199,,,5.852941176,37.13822345,-11.66093876
s415,Inv,0.828,6.7,0.031,0.5645,-14.9,0.227,,,7.322580645,47.10478055,-12.8428797
s416,Inv,0.8485,8.3,0.039,0.553,-13.8,0.217,,,5.564102564,34.64776292,-12.52136176
s417,Inv,0.8135,7.9,0.074,0.593,-17.1,0.319,,,4.310810811,20.65232749,-16.77118639
s418,Inv,0.847,7.2,0.035,0.5555,-15.4,0.171,,,4.885714286,27.82309125,-14.57398036
s419,Inv,0.849,7.6,0.038,0.5925,-15.1,0.186,,,4.894736842,27.92431775,-14.2671236
s420,Inv,0.845,7.7,0.043,0.509,-16.4,0.202,,,4.697674419,25.63934509,-15.72298154
s421,Inv,0.3625,7.6,0.057,0.1115,-18.9,0.285,,,5,29.08247423,-17.9889863
s422,Inv,0.8575,7.4,0.03,0.524,-17,0.174,,,5.8,36.69778424,-15.58912997
s423,Inv,0.826,7.8,0.029,0.5545,-15.9,0.151,,,5.206896552,31.2427698,-14.84475751
s424,Inv,0.8925,7.8,0.049,0.536,-16.5,0.232,,,4.734693878,26.08075246,-15.79269586
s425,Inv,0.837,5.3,0.038,0.5755,-16.5,0.171,,,4.5,23.18018018,-15.99328667
s426,Inv,2.5645,8.9,0.007,0.589,-24.5,0.033,,LOW AMP 44,4.714285714,25.83813061,-23.80933196
s427,Inv,2.0145,9.6,0.01,0.572,-20.3,0.066,,,6.6,42.69165855,-18.51194211
s428,Inv,2.8935,10.2,0.005,0.507,-23.8,0.051,,LOW AMP 44,10.2,58.98639456,-21.05258985
s53,Inv,1.9825,10.1,0.011,0.5335,-19.7,0.073,,,6.636363636,42.93393041,-17.89698438
s53B,Inv,0.8285,9.1,0.075,0.619,-14.3,0.358,,,4.773333333,26.53534776,-13.56159447
s54,Inv,1.6765,9.4,0.018,0.558,-17.7,0.078,,,4.333333333,20.96281952,-17.34917793
s276,Fish,0.524,,,0.524,,,,,,,
s300,Fish,0.5515,,,0.5515,,,,,,,
s061,Fish,0.4115,,,0.4115,,,,,,,
,,,,,,,,,,#DIV/0!,,
